customer_id,name,,
1,Joshia Whear,,
2,Christabel Matherson,,
3,Emile Airds,,
4,Ermentrude Lancaster,,
5,Dylan Flacke,,
6,Valera Petford,,
7,Caye Windibank,,
8,Barty Gallon,,
9,Albie Pastor,,
10,Fabiano Stedman,,
11,Anastasie Sherer,,
12,Micah Bozward,,
13,Clim Ziemke,,
14,Charmaine Hearnaman,,
15,Annalise Annable,,
16,Morganne MacTrustram,,
17,Micki Juhruke,,
18,Gerrie Boatwright,,
19,Inna Hinsche,,
20,Duffy MacLaig,,
21,Nehemiah Staddart,,
22,Reta Le Friec,,
23,Odetta Haymes,,
24,Sonia Brickett,,
25,Revkah Chong,,
26,Stanleigh Mault,,
27,Adham Bynold,,
28,Marlene Warland,,
29,Karola Thunnerclef,,
30,Arliene Probbing,,
31,Ginnifer Ogborn,,
32,Sharleen Tomasz,,
33,Ilyse De Lacey,,
34,Yolanthe Leppingwell,,
35,Rustin Rydeard,,
36,Eugenie Carneck,,
37,Virgina Esparza,,
38,Tedra Wickersham,,
39,Dorothea Blaes,,
40,Randie Steadman,,
41,Thacher Collard,,
42,Vladimir Martinuzzi,,
43,Chilton Knivett,,
44,Ferdy Matijevic,,
45,Brew Stummeyer,,
46,Mathias Gregoli,,
47,Cissiee Johnigan,,
48,Ethyl Tender,,
49,Lilllie Berford,,
50,Penelope Gother,,
51,Jude Clow,,
52,Alaine Sturgeon,,
53,Dacey Ferrelli,,
54,Lion Stouther,,
55,Lorens Wilsdon,,
56,Cary Pattullo,,
57,Arte Plank,,
58,Jesselyn Blench,,
59,Genna MacChaell,,
60,Galvan Shorland,,
61,Jamesy Kemmish,,
62,Elliott Vynarde,,
63,Blinnie Hay,,
64,Raynell Cordey,,
65,Roosevelt Nestoruk,,
66,Silvie Gaskin,,
67,Dosi Baudi,,
68,Boot Albert,,
69,Aggi Melling,,
70,Carroll Pound,,
71,Leo Di Francesco,,
72,Brand Gypson,,
73,Jud Horrell,,
74,Edy Maddock,,
75,Torrie Sterling,,
76,Hirsch Fullerton,,
77,Darb Scurrell,,
78,Ilysa Lambal,,
79,Maddalena Janusik,,
80,Lefty Renehan,,
81,Nelly O'Loughlin,,
82,Ikey Norman,,
83,Germain Gianuzzi,,
84,Roselin Farryan,,
85,Row Avrahamian,,
86,Holmes Beekmann,,
87,Thadeus Boorne,,
88,Yasmeen Menguy,,
89,Goran Rontree,,
90,Marylou Payle,,
91,Eugen Rebbeck,,
92,Penny Alexis,,
93,Rem Marion,,
94,Odelle Conningham,,
95,Chevy McGrey,,
96,Mal Bunnell,,
97,Merrill Boole,,
98,Malia Tomaini,,
99,Cly Talks,,
100,Caz Harner,,
101,Hamel Davall,,
102,Darn Stilliard,,
103,Allissa Tofano,,
104,Aprilette Averies,,
105,Conant Fabbro,,
106,Thekla Plaskett,,
107,Giavani Hun,,
108,Broddy Goodhand,,
109,Joscelin Macieiczyk,,
110,Hilda Walkowski,,
111,Brendan Campes,,
112,Alecia Prozescky,,
113,Lanie Gilkes,,
114,Marielle Jobbins,,
115,Orbadiah Pawsey,,
116,Griff Willshaw,,
117,Nari La Padula,,
118,Sandro Smiz,,
119,Kevin Guilaem,,
120,Nathanael Bartoleyn,,
121,Deane Glaisner,,
122,Anselm Maulkin,,
123,Minna Livesay,,
124,Letitia Creaven,,
125,Arron Klagge,,
126,Rena Petras,,
127,Tresa Bartholomaus,,
128,Nial Lorent,,
129,Willetta Bultitude,,
130,Bert McRae,,
131,Carree Frenchum,,
132,Gasparo Dalliston,,
133,Jean Bartkowiak,,
134,Timmie Pinke,,
135,Warde Zanazzi,,
136,Betti Benoist,,
137,Demott Levicount,,
138,Devlin Toun,,
139,Janette Wreath,,
140,Tricia Sample,,
141,Priscilla Kolinsky,,
142,Porty Brikner,,
143,Gualterio Munnery,,
144,Adler Harse,,
145,Alric Habens,,
146,Gunilla Connue,,
147,Sada Polycote,,
148,Niles Buckberry,,
149,Ugo Brunn,,
150,Delmer Loffhead,,
151,Benedikta Hallor,,
152,Archibold Cristofari,,
153,Maybelle McKelloch,,
154,Ingra Clash,,
155,Joey Rogan,,
156,Obed Arlow,,
157,Ky Godby,,
158,Leoine Etheredge,,
159,Cyrus Crocker,,
160,Michal Beddie,,
161,Gabriello Gorvette,,
162,Merci Comusso,,
163,Rachele Bixley,,
164,Cindie Laviste,,
165,Cahra Farguhar,,
166,Hyatt Cundy,,
167,Daisie Annear,,
168,Nester Dumsday,,
169,Else Rentz,,
170,Laurette Wanjek,,
171,Clarissa Lapping,,
172,Gerry Gogan,,
173,Marco Franzewitch,,
174,Orin Le Grand,,
175,Alyss O'Spillane,,
176,Graeme Flay,,
177,Jillene Foster,,
178,Alicea Bockings,,
179,Derrick Domingues,,
180,Aeriela Allon,,
181,Laraine Spencook,,
182,Bevan Tytterton,,
183,Kimberli Kubanek,,
184,Vivianna Ughelli,,
185,Lilllie Ballantyne,,
186,King Davidi,,
187,Klara Neads,,
188,Windham Newcomb,,
189,Tomi Libreros,,
190,Jerrome Cahill,,
191,Massimiliano Parsons,,
192,Jacinta Samarth,,
193,Bat Powis,,
194,Bernie Lardeux,,
195,Galvan Metcalfe,,
196,Cristionna Vasilmanov,,
197,Ailee Korfmann,,
198,Danielle O'Duggan,,
199,Rodina Vanes,,
200,Gib Beament,,
201,Fidelity Mealing,,
202,Quill Funcheon,,
203,Grannie Illes,,
204,Claus Bramley,,
205,Becka Lett,,
206,Kristel MacDougall,,
207,Adriena Bloomfield,,
208,Shanie Woodage,,
209,Phylis Phinn,,
210,Stephi Fantonetti,,
211,Sandye Beagles,,
212,Gordy Klug,,
213,Karrie Waghorne,,
214,Kaleena Gainsford,,
215,Norma Kynge,,
216,Dru Vail,,
217,Abbe Crecy,,
218,Jewel Wainman,,
219,Rycca Crecy,,
220,Cecilio Clampin,,
221,Ali Loreit,,
222,Pandora Yeoland,,
223,Jillana Koppens,,
224,Bertina Fiddler,,
225,Charmine Siddon,,
226,Erastus MacMakin,,
227,Wally Merritt,,
228,Hollis Axell,,
229,Shepard Ladewig,,
230,Bret Yes,,
231,Lorri Bickers,,
232,Thatch Fleote,,
233,Adoree Boram,,
234,Claudette Brandoni,,
235,Staford Lyne,,
236,Sallyann Norgan,,
237,Trenton Grubey,,
238,Daryle Bendin,,
239,Ronnie De Caville,,
240,Sherman Drever,,
241,Mac Featherstonhaugh,,
242,Meade Aldridge,,
243,Morry Fearnley,,
244,Iormina Droogan,,
245,Madelon McKerley,,
246,Lefty Pablos,,
247,Lance MacComiskey,,
248,Cybill Pedwell,,
249,Addison Windeatt,,
250,Curran Paladino,,
251,Fawnia Dooler,,
252,Bendick Faucherand,,
253,Husain McGaraghan,,
254,Gwenny Cheson,,
255,Kelby Feander,,
256,Liuka Prazer,,
257,Homerus Dorking,,
258,Erda Haylock,,
259,Ariela Warlawe,,
260,Mason Stearns,,
261,Alfonso Bramo,,
262,Tildie McLinden,,
263,Nisse Pitford,,
264,Nedi Bracher,,
265,Tabina Inge,,
266,Linn Readings,,
267,Corissa Sextone,,
268,Burton Epilet,,
269,Karoly Cockram,,
270,Jereme Sail,,
271,Wynne Booeln,,
272,Chariot Ditzel,,
273,John Alexsandrev,,
274,Wakefield Ertel,,
275,Hobart Webberley,,
276,Wit McKirton,,
277,Ronnie Fedynski,,
278,Lena Neagle,,
279,Martelle McKeever,,
280,Alexi Thorald,,
281,Bentley Lipp,,
282,Jamie O'Dea,,
283,Joel Yeoland,,
284,Reena Rappoport,,
285,Prissie Abelwhite,,
286,Jeanna Le Cornu,,
287,Thekla Sarjent,,
288,Mohandis Pennigar,,
289,Robena Bracci,,
290,Duke Madner,,
291,Rebe Creboe,,
292,Chrotoem Owers,,
293,Avis Lacey,,
294,Benedetto O'Neal,,
295,Cristy Pulman,,
296,Derk Neilly,,
297,Lucky Pettyfer,,
298,Dode Laborda,,
299,Chery Diggons,,
300,Gearalt Bisseker,,
301,Dewitt Biggadike,,
302,Sheena Sparrow,,
303,Halette Basden,,
304,Fifi Inderwick,,
305,Prudi Matschuk,,
306,Myrna Ondricek,,
307,Nanice Laise,,
308,Frederic Haysar,,
309,Lida Hearfield,,
310,Brent Dendle,,
311,Lynelle Ebenezer,,
312,Farlie Mawditt,,
313,Shawnee Sundin,,
314,Sari Splevings,,
315,Sim Mushett,,
316,Woodman Lorincz,,
317,Corissa Stanwix,,
318,Ynes Peedell,,
319,Maren Faulconbridge,,
320,Ema Kuller,,
321,Ellary Demschke,,
322,Anneliese Stolli,,
323,Estell Sings,,
324,Jodi Kopman,,
325,Ingar Feak,,
326,Madge Chadbourne,,
327,Samantha Savine,,
328,Della Topping,,
329,Tawnya Branthwaite,,
330,Diane-marie Ranyard,,
331,Friedrich Pagden,,
332,Juana Jaggs,,
333,Kaspar Elkin,,
334,Rivi Papis,,
335,Marybelle Bushell,,
336,Aleen Baford,,
337,Ellary Enoch,,
338,Ash Gladman,,
339,Marja Francino,,
340,Celinda Pavese,,
341,Giffer McGlaughn,,
342,Zebulen Bunney,,
343,Hector Evett,,
344,Hillier Giacopelo,,
345,Katharine LeEstut,,
346,Shepperd Rennels,,
347,Candace Satterlee,,
348,Kimberlee Rogans,,
349,Byrann Hounsom,,
350,Lizzy Zanitti,,
351,Gusti Savin,,
352,Phyllis Biggar,,
353,Mischa Madre,,
354,Gerhardine Pirozzi,,
355,Aguistin Einchcombe,,
356,Mychal Boutflour,,
357,Roldan Myall,,
358,Kienan Ingray,,
359,Porter Robeson,,
360,Miran Pes,,
361,Phyllida Biggar,,
362,Aldrich Kennagh,,
363,Eleen Azemar,,
364,Kattie Wolfinger,,
365,Maggy Bush,,
366,Shoshana Christley,,
367,Tallou Aldie,,
368,Filippa Milmore,,
369,Englebert Ariss,,
370,Pembroke Rosina,,
371,Tobie Magowan,,
372,Dotty Wannop,,
373,Jory Pigot,,
374,Alejandrina Druett,,
375,Judon Maystone,,
376,Ossie Spieck,,
377,Edythe Bestiman,,
378,Sibelle Batting,,
379,Tabby Poveleye,,
380,Eb Rouchy,,
381,Tanny Wiszniewski,,
382,Michaelina Bollam,,
383,Lidia Radborn,,
384,Chaunce Carik,,
385,Birgitta Gowanlock,,
386,Margalo Reed,,
387,Lorrayne Armatidge,,
388,Petr Whate,,
389,Charity Josh,,
390,Read Emor,,
391,Holly Sauter,,
392,Oona Leivesley,,
393,Allie Gwilym,,
394,Gabriela Stitcher,,
395,Farley Wife,,
396,Waylon Smylie,,
397,Kat O'Hickey,,
398,Shelden Mishow,,
399,Bobina Forgan,,
400,Hilary Gerring,,
401,Dulciana Raubheim,,
402,Lewiss MacNaughton,,
403,Adolpho Bugge,,
404,Bryanty Soloway,,
405,Hieronymus Finnimore,,
406,Larry Leamy,,
407,West Skea,,
408,Nancey Boman,,
409,Minette Baudic,,
410,Nestor Jalland,,
411,Agustin Vickerstaff,,
412,Monika Howley,,
413,Nelle Bushnell,,
414,Susann Wilflinger,,
415,Egan Ellerton,,
416,Kitti Grundell,,
417,Hilario Croughan,,
418,Christel Gudde,,
419,Germaine Strowther,,
420,Chelsy Farnall,,
421,Consalve Cowdray,,
422,Sasha McLanaghan,,
423,Zahara Betton,,
424,Tirrell Halpen,,
425,Harcourt Banaszkiewicz,,
426,Darline Macauley,,
427,Saul Martill,,
428,Merna Humfrey,,
429,Edita Mordin,,
430,Cos Ruddell,,
431,Jacki Moffatt,,
432,Corabel Lorentz,,
433,Templeton Dodman,,
434,Yancey Senecaut,,
435,Blondell Pethrick,,
436,Agnola Durno,,
437,Gertrudis Thornton,,
438,Blakelee Kipping,,
439,Mufinella Creighton,,
440,Ernesto Costan,,
441,Felisha Le Gallo,,
442,Gawen Yurenin,,
443,Lynnet Freeman,,
444,Ivan Benge,,
445,Gerta Fruin,,
446,Georgiana Cantwell,,
447,Hercule Thomkins,,
448,Ingra Servis,,
449,Pippo Ainsbury,,
450,Tomasina Worley,,
451,Rosie McIan,,
452,Carolyn Kline,,
453,Madonna Felstead,,
454,Marga Ledner,,
455,Jenilee Mish,,
456,Bartlett Wardingley,,
457,Lynett Franchyonok,,
458,Harmony Gheorghie,,
459,Giacopo Salkild,,
460,Nydia Greensite,,
461,Maighdiln Chatain,,
462,Annette Duro,,
463,Noam Jeune,,
464,Brigid Buddell,,
465,Gwenette Siemandl,,
466,Sadye Keming,,
467,Adrian Wiggall,,
468,Reinhard Lanchbery,,
469,Jaclin Braben,,
470,Cymbre Richter,,
471,Ange Aspinal,,
472,Yard Findlay,,
473,Sisile Snailham,,
474,Olivero Hardes,,
475,Nicholle Boeter,,
476,Kendrick Crolly,,
477,Justinn Tinwell,,
478,Erich Sokell,,
479,Chandal Lightbourn,,
480,Joly Tregido,,
481,Aldric Coventon,,
482,Andrej Szreter,,
483,Morie Lebell,,
484,Gale Brunner,,
485,Wendeline Gauntlett,,
486,Bertrando McSherry,,
487,Catriona Tarquinio,,
488,Kele Hurburt,,
489,Angele M'Chirrie,,
490,Horace Bricknall,,
491,Judie Cant,,
492,Annalee Ramard,,
493,Liuka Foden,,
494,Adams Delacour,,
495,Camilla McIlrath,,
496,Kristien Quant,,
497,Emelia Hargroves,,
498,Pennie Fortune,,
499,Nathalia Dubose,,
500,Shanie Southwood,,
501,Faun Pentecost,,
502,Reese Pearle,,
503,Terrill Mazzia,,
504,Melamie Brill,,
505,Rikki Caveau,,
506,Malory Langcaster,,
507,Ross Kennard,,
508,Torrance Freckleton,,
509,Cherlyn McComiskie,,
510,Huntley Blowes,,
511,Meredith Alston,,
512,Derron Hannant,,
513,Xaviera McKenna,,
514,Morey Denver,,
515,Aurelie Paudin,,
516,Keriann Lindemann,,
517,Kalle Moakes,,
518,Angel Gamet,,
519,Nicolle Mettricke,,
520,Austina Marcussen,,
521,Jerry Choules,,
522,Leslie Castiglione,,
523,Mitch Hugh,,
524,Joanie Moat,,
525,Mandy Grunwall,,
526,Sibby Dinan,,
527,Christa Cornejo,,
528,Daphne Cowherd,,
529,Joye Lind,,
530,Elly Millsap,,
531,Olivie Tacon,,
532,Eldredge Frogley,,
533,Dorothea Conachy,,
534,Flss Quinane,,
535,Kamila Setchell,,
536,Gretta Heffy,,
537,Sig Reedyhough,,
538,Livvy Macey,,
539,Bobbye Catlette,,
540,Lenore Vakhlov,,
541,Joyan Mundwell,,
542,Alli Leeves,,
543,Roth Mortimer,,
544,Phineas Smeaton,,
545,Joleen Piccop,,
546,Garrard Chattell,,
547,Truda Crocetti,,
548,Shannon Debnam,,
549,Cele Craighill,,
550,Derward Borzone,,
551,Carolina Eagling,,
552,Marline Morsley,,
553,Selby Franzel,,
554,Walton Mac,,
555,Merrick Levine,,
556,Hoebart Reinger,,
557,Jacquelyn Decourcy,,
558,Nancee Turbill,,
559,Gwendolin Phython,,
560,Padraig Witcher,,
561,Reggie Tregear,,
562,Ginny Gabbitus,,
563,Celia Amery,,
564,Tilly Purslow,,
565,Dody Bloss,,
566,Mandie Dionsetti,,
567,Rosabella Poundsford,,
568,Cthrine Cherrington,,
569,Elli Dockree,,
570,Erika Gamet,,
571,Den McGillecole,,
572,Sheffy Restieaux,,
573,Pyotr Clowley,,
574,Moss Karpets,,
575,Nils Mocquer,,
576,Kacey Brotherheed,,
577,Guglielma Ratchford,,
578,Pattie Checklin,,
579,Arleen Huscroft,,
580,Dara Tight,,
581,Godfree Gothard,,
582,Harv Taunton.,,
583,Myrtice Bewly,,
584,Marin Hannent,,
585,Ilysa Screach,,
586,Chastity Cunradi,,
587,Kippie Cross,,
588,Una Render,,
589,Serge McNuff,,
590,Glynda Sanford,,
591,Christalle Goldsack,,
592,Daffie Raiston,,
593,Alica Boribal,,
594,Cristian Faldoe,,
595,Dorothee Basford,,
596,Darnell Feasley,,
597,Rois McBrier,,
598,Bendite Baldrey,,
599,Nikkie Pawelek,,
600,Tessa Loadman,,
601,Pepito Parnall,,
602,Kendra Uzzell,,
603,Tressa Loges,,
604,Annabela Andreassen,,
605,Noni Redmell,,
606,Clerissa Burley,,
607,Pearle Geffe,,
608,Jens Mothersdale,,
609,Britt Wymer,,
610,Sue Catling,,
611,Clayton Nowlan,,
612,Laurette Leechman,,
613,Syman Odam,,
614,Lilli Squibb,,
615,Lethia Pafford,,
616,Elene Denton,,
617,Irina Epton,,
618,Chaddy Colwill,,
619,Arlee Tetsall,,
620,Diandra Warr,,
621,Nevins Terese,,
622,Sibeal Artrick,,
623,Chance Nassy,,
624,Jake Burnhams,,
625,Alla Wyon,,
626,Anthia Cammidge,,
627,Eileen Sugden,,
628,Sharona Bossom,,
629,Felicle O' Flaherty,,
630,Darcey Lindstedt,,
631,Joan Walesa,,
632,Forbes Shyram,,
633,Horace Knappen,,
634,Kelley McCard,,
635,Natalee Janz,,
636,Klarika Venn,,
637,Kamilah Speedin,,
638,Cordy Rubra,,
639,Philippe Loffhead,,
640,Blanche Mortimer,,
641,Myrah Camilleri,,
642,Agnella Swinney,,
643,Angelina Lannin,,
644,Albert Cory,,
645,Richart Ubsdale,,
646,Cordie Freathy,,
647,Verene Cotsford,,
648,Margery Jakubski,,
649,Sandro Dunkley,,
650,Manuel Marder,,
