employee_id,name,,
1,Lizbeth Dare,,
2,Christie Giacomelli,,
3,Sigfried Saiz,,
4,Anneliese McComas,,
5,Vladamir Elfleet,,
6,Harris Mahomet,,
7,Burl Hemeret,,
8,Yevette McNerlin,,
9,Baird Behnecken,,
10,Hayward Creamer,,
11,Edita Giovanardi,,
12,Garrard Vaun,,
13,Rubi Roskrug,,
14,Darcey Bianco,,
15,Nicol Paulley,,
16,Homerus Esel,,
17,Rosina Giacobazzi,,
18,Randal Carpenter,,
19,Wayne Capponer,,
20,Raine Docket,,
21,Zane Goodricke,,
22,Janella Twyford,,
23,Olympe Frankiewicz,,
24,Zeke Adelberg,,
25,Stevy Nickolls,,
26,Brenna Cawood,,
27,Michel Vallantine,,
28,Nerte Witchard,,
29,Yance Humbell,,
30,Hastie Vigus,,
31,Rana Larrie,,
32,Michele Dobson,,
33,Margo MacGee,,
34,Shani Dryden,,
35,Reese Basile,,
36,Tallia Coulthart,,
37,Patin Foyle,,
38,Fanny Swannack,,
39,Charlotta Parnell,,
40,Pierce Malbon,,
41,Waylin Fellini,,
42,Mattias Concannon,,
43,Joannes Gianolo,,
44,Kalina Denning,,
45,Jasmine Balcon,,
46,Wylma Jeens,,
47,Jozef Melan,,
48,Elroy McCambridge,,
49,Shepherd Nano,,
50,Corney Sango,,
51,Randal Frid,,
52,Lindon McCloy,,
53,Abraham Draisey,,
54,Garvy Gourdon,,
55,Iormina Scotti,,
56,Urson Ofer,,
57,Livia Gidley,,
58,Ferdy Maseyk,,
59,Charline Clementucci,,
60,Roberto Sturdy,,
61,Link Smullin,,
62,Alleen MacHarg,,
63,Hamil Cholwell,,
64,Mace Larsen,,
65,Winne Clementi,,
66,Cordell Lamps,,
67,Tomasine Chown,,
68,Anna-diana Colliss,,
69,Loree Geertz,,
70,Beau Penhaleurack,,
71,Evonne Priddie,,
72,Kirby Crother,,
73,Darla Fantonetti,,
74,Bret Grzes,,
75,Addia Rawkesby,,
76,Othelia McKew,,
77,Leontine Beecham,,
78,Giovanna Danielot,,
79,Windham Boulds,,
80,Violetta Osichev,,
